Name,Email
Melissa,melissa_steiner@premierinc.com
Bernard,bernard_martin@premierinc.com
,mel_glover@premierinc.com
Hunter,hunter_skorobohaty@premierinc.com
Katie,katie_bence@premierinc.com
Payton,payton_willingham@premierinc.com
Kallee,kallee_pugh@premierinc.com
Jeff,jeff_hurley@premierinc.com
Vasantha,vasantha_r@premierinc.com
Sridhar,boddu_sridhar@premierinc.com
Gurvi,gurvi_singh@premierinc.com
Michael,michael_wilson@premierinc.com