Name,Email
Julia,julia.orlidge-diehl@toshiba.com
Megan,megan.mayes@toshibagcs.com
Eric,eric.kemak@toshiba.com
Luis,luis.huerta@toshibagcs.com
Pradeep,pradeep.billa@toshibagcs.com
Ernesto,ernesto.torreblanca@ibm.com
Rodrigo,rodrigo.monroy@toshiba.com
Stacy,stacy.arrington@toshibagcs.com
Garrick,garrick.oxendine@toshiba.com
Jamal,jamal.k@toshiba.com