Name,Email
Naim,naim.bitar@zebra.com
Chetan,chetan.sahasrabudhe@zebra.com
Melissa,melissa.popour@zebra.com
Ganesh,ganesh.venkatachalam@zebra.com
Alan,alan.epshteyn@zebra.com
Joseph,joseph.distefano@zebra.com
Sierra,sierra.garcia@zebra.com
Noah,noah.phillips@zebra.com
John,john.stephenson@zebra.com
,emurphy@zebra.com
,mkhan@zebra.com
Matthew,matthew.geyer@zebra.com
Deanna,deanna.molinelli@zebra.com